case,simulation_steps,attempts,cpu_exc_spikes,cpu_inh_spikes,gpu_exc_spikes,gpu_inh_spikes,weight_min,weight_max,weight_mean,theta_min_mv,theta_max_mv,column_sum_min,column_sum_max,population_fano_3ms
brunel_additive,10000,,36805,9455,39755,10141,39.519954681396484,50.01974868774414,45.50787596839905,,,,,1156.579995764619
brunel_morrison,10000,,52235,13322,53597,13492,42.7513542175293,47.54886245727539,45.456942349205015,,,,,44.501568562370956
mnist_1trace_bernoulli_0125,100000,100,1665,4508,1680,4509,0.0,6.315943241119385,0.09948977272271642,12.599266052246094,48.718109130859375,77.94166655605659,78.04781973338686,
mnist_1trace_bernoulli_0250,100000,100,1471,4020,1493,4029,0.0,3.8433778285980225,0.09948756588701957,18.96773338317871,42.55037307739258,77.30066351778805,78.00000057928264,
mnist_1trace_bernoulli_0500,100000,100,1380,3610,1405,3719,0.0,2.001807928085327,0.099487969776462,18.976375579833984,42.341835021972656,77.65555644733831,78.00000041048042,
mnist_1trace_dense,101000,101,1556,3739,1477,3650,0.0,0.9991129040718079,0.09948766373732856,19.024486541748047,42.33802032470703,77.4085569010349,78.00000030831143,
mnist_1trace_fixed-fanout_0125,100000,100,1737,4801,1692,4666,0.0,7.6086320877075195,0.09948826260854143,18.976375579833984,42.74213409423828,77.7388288313523,78.00000077253208,
mnist_1trace_fixed-fanout_0250,100000,100,1473,4052,1481,4031,0.0,3.8324806690216064,0.09948734801696794,18.96773338317871,42.39187240600586,77.23233824816998,78.0000005159527,
mnist_1trace_fixed-fanout_0500,100000,100,1380,3612,1349,3625,0.0,2.001805067062378,0.09948751614411015,18.976375579833984,42.341835021972656,77.3596803812543,78.00000043699401,
mnist_2trace_bernoulli_0125,100000,100,1641,4462,1597,4396,0.0,6.865427494049072,0.09948804984413007,19.514137268066406,44.525733947753906,77.58908586204052,78.0000019017607,
mnist_2trace_bernoulli_0250,100000,100,1341,3687,1402,3769,0.0,3.6865782737731934,0.0994880363314744,19.46411895751953,44.22550964355469,77.66287032759283,78.0000023203902,
mnist_2trace_bernoulli_0500,100000,100,1240,3295,1278,3364,0.0,2.0,0.09948744108992359,19.514137268066406,44.175472259521484,77.26156964802067,78.00000180278585,
mnist_2trace_dense,103000,103,1352,3285,1292,3155,0.0,0.9916875958442688,0.09948756594829875,19.558433532714844,44.16402816772461,77.38735804485623,78.00000198849011,
mnist_2trace_fixed-fanout_0125,100000,100,1623,4400,1574,4308,0.0,6.677273273468018,0.09948794423202645,19.46411895751953,44.4756965637207,77.73251777980477,78.00573862856254,
mnist_2trace_fixed-fanout_0250,100000,100,1362,3666,1382,3746,0.0,3.7076241970062256,0.09948752163947203,19.514137268066406,44.175472259521484,77.50498622679152,78.00000172974251,
mnist_2trace_fixed-fanout_0500,101000,101,1274,3335,1289,3354,0.0,2.0,0.0994880345037869,20.16246795654297,44.17165756225586,77.7084797850548,78.0000019131694,
mnist_3trace_bernoulli_0125,100000,100,2217,6346,2187,6391,0.0,6.297020435333252,0.09951391354186549,15.606904983520508,40.7432975769043,77.98071977775544,85.59360800264403,
mnist_3trace_bernoulli_0250,100000,100,1830,5203,1749,4962,0.0,3.2286157608032227,0.09949919031820256,15.656914710998535,40.7432975769043,77.98587058610039,80.97273009293713,
mnist_3trace_bernoulli_0500,100000,100,1586,4294,1581,4273,0.0,1.4655063152313232,0.09950736523897692,15.706924438476562,41.74404525756836,77.99999771954026,83.5097564937314,
mnist_3trace_dense,102000,102,1719,4234,1647,4132,0.0,0.7361448407173157,0.0994946943962206,15.604997634887695,40.885780334472656,77.98875704791863,79.41515701902972,
mnist_3trace_fixed-fanout_0125,100000,100,2210,6383,2225,6465,0.0,6.222470760345459,0.09954261275480925,15.74128532409668,40.8433723449707,77.99999801302329,94.56335790641606,
mnist_3trace_fixed-fanout_0250,100000,100,1867,5338,1781,5035,0.0,3.1665124893188477,0.09950015675810385,15.706924438476562,40.7432975769043,77.98508687724825,81.29042139835656,
mnist_3trace_fixed-fanout_0500,100000,100,1645,4556,1600,4349,0.0,1.4200135469436646,0.09950710269319861,15.715805053710938,41.493858337402344,77.9999979257118,83.42742170207202,
