case,networks,simulation_threads,cpu_median_us_per_step,cpu_min_us_per_step,cpu_max_us_per_step,cpu_iqr_us_per_step,a100_us_per_step,a800_us_per_step,h800_us_per_step,rtx3090_us_per_step
brunel_additive,1,1,383.83802990138065,383.09195800102316,385.61307810014114,1.0475746006704867,45.23431299603544,40.77077960828319,32.717021205462515,40.83064609876601
brunel_morrison,1,1,535.3691911004717,531.1675141012529,539.3553195986897,6.387270300183445,53.687330696266145,52.253025805111974,42.23849918926135,41.246860499086324
mnist_1trace_bernoulli_0125,1,1,9.878867210063618,9.771097780030686,11.447830369870644,0.9112762898439541,14.731115210452117,14.01603598962538,10.99060610984452,24.10852763990988
mnist_1trace_bernoulli_0250,1,1,10.304590399900917,9.9116328600212,11.17897391988663,0.7749029298429377,15.29025353025645,14.621327489148825,11.424972659442574,24.710495239996817
mnist_1trace_bernoulli_0500,1,1,11.007404609990772,10.595238669775426,11.77403633017093,1.1074259801534936,16.717610009922875,15.807636267745332,12.624976870668407,25.600476287124394
mnist_1trace_dense,1,1,13.678093534481647,12.531862682939535,14.865780297072032,1.2737508712792867,18.8481462942482,16.67986028398588,14.342919921082462,26.473034411787477
mnist_1trace_fixed-fanout_0125,1,1,10.05629171995679,9.46289915998932,10.241596040141303,0.6939649902051315,14.701734179980122,13.989942879416049,11.006982519757003,24.28373473987449
mnist_1trace_fixed-fanout_0250,1,1,10.294821170100477,9.730032959778327,10.520313500019256,0.7287881700904109,15.308135730447248,14.533116209786385,11.472933229524642,24.873391860019183
mnist_1trace_fixed-fanout_0500,1,1,10.559261880116537,10.399283889855724,11.356255619903095,0.9411184498458169,16.68151127989404,15.907744000433013,12.674331909511238,25.673219339951174
mnist_2trace_bernoulli_0125,1,1,11.899485739995725,11.420508970040828,12.403894180024508,0.9583524402114563,15.311579289846122,14.538884569192305,11.85204537003301,25.081835529999807
mnist_2trace_bernoulli_0250,1,1,13.890221589826979,12.984021290030796,13.931860649900045,0.7933833697461523,16.504392650094815,15.75298581039533,12.819702280685306,25.430017710023094
mnist_2trace_bernoulli_0500,1,1,18.060566220083274,17.46126648999052,18.608665269857738,0.5637245901743881,18.82886107869483,17.80177813648776,14.424216666478006,26.697965646984386
mnist_2trace_dense,1,1,29.496283475840826,28.90988711654254,30.73918600018516,1.5325549607350517,19.5975266018367,17.626875107294147,14.370450942135118,27.299772805898243
mnist_2trace_fixed-fanout_0125,1,1,12.050898839952424,11.335591929964721,12.514512720226776,0.9619871902395971,15.278392999898642,14.465749689843506,11.812060220399871,25.11152947001392
mnist_2trace_fixed-fanout_0250,1,1,14.550616749911569,13.58564179012319,14.617079159943387,0.9515722302603535,16.585914859897457,15.583799019223079,12.815591390244663,25.685879539960297
mnist_2trace_fixed-fanout_0500,1,1,19.091967752348577,18.171296514614514,19.42703783158259,0.8882968614481861,19.116818524509817,17.7510168811417,14.541358614368088,27.256522990133853
mnist_3trace_bernoulli_0125,1,1,10.525581770052668,10.016066459938884,10.793467400071677,0.7032882497878745,18.017305129906163,17.148699599783868,13.765595769509673,30.325811319926288
mnist_3trace_bernoulli_0250,1,1,11.567995960067492,10.852784830203746,11.729646080057137,0.6979700599913485,18.933573870453984,17.94747365056537,14.588078300002962,31.06371443005628
mnist_3trace_bernoulli_0500,1,1,14.695616549870465,13.837311409879476,14.765267740003765,0.8755327301332727,20.807360713300987,19.662014345896644,16.146270227434094,32.142995237597574
mnist_3trace_dense,1,1,19.914372088262063,18.599799421602203,21.180287431229328,1.8718536668137524,21.77042707753395,20.212434096605453,16.83477297972309,32.67353135926843
mnist_3trace_fixed-fanout_0125,1,1,10.88250530010555,10.105067059921566,11.047066059836652,0.6582791401888244,17.989778260234743,17.178784019779414,13.751964229159057,30.405205160059268
mnist_3trace_fixed-fanout_0250,1,1,11.28508921014145,10.933808429981582,11.81787320994772,0.699669070309028,18.961425219895318,17.953078820137307,14.61553864995949,31.053563520108582
mnist_3trace_fixed-fanout_0500,1,1,12.71353365998948,12.475383800046984,13.225448059965856,0.6650807897676714,20.812041289755143,19.648351150099188,16.302231450099498,32.10940998993465
