gpu,group,measured_mean_us_per_step,equal_rule_mean_power_w,estimated_mean_energy_uJ_per_step,equivalent_mean_us_at_33w,mean_sample_energy_advantage,ratio_of_mean_energies
RTX3090,1-trace,27.21778541540605,166.834,4540.852011993853,137.60157612102583,54.93796223888996,53.214212255381135
RTX3090,2-trace,28.44608356286392,167.85,4774.675126026709,144.68712503111243,39.60952205104713,31.594530267471914
RTX3090,3-trace,33.20282800531706,168.46800000000002,5593.614028399755,169.50345540605318,58.13067361048447,53.28082890267928
RTX3090,Combined,29.622232327862342,167.71733333333333,4969.713722140106,150.59738551939714,50.89271930014052,43.665651376187746
A100,1-trace,18.332076665518127,64.846,1188.7618434521885,36.02308616521783,14.382356679783813,13.93109154217655
A100,2-trace,19.286336954690217,64.684,1247.517419577182,37.80355816900551,10.349095474675314,8.254954699887417
A100,3-trace,22.15683268519887,64.79,1435.541189674035,43.501248171940446,14.918615393851427,13.67395464210329
A100,Combined,19.925082101802406,64.77333333333334,1290.6068175678017,39.109297502054595,13.216689182770185,11.339725084884478
A800,1-trace,16.496995968510255,82.2,1356.053068611543,41.09251723065281,16.40634666810028,15.891576213462658
A800,2-trace,17.338026665587496,81.878,1419.602947324973,43.018271131059784,11.776674383413422,9.393662836360333
A800,3-trace,19.322262419127963,83.17999999999999,1607.2257880230638,48.70381175827466,16.70281811143323,15.309301246895181
A800,Combined,17.719095017741903,82.41933333333333,1460.96060131986,44.271533373329085,14.961946387648979,12.836513300027093
H800,1-trace,13.686420530887501,144.852,1982.5053867401164,60.07592081030655,23.985544075747313,23.232966449638138
H800,2-trace,14.475210750441093,145.134,2100.8452370545174,63.66197688043993,17.42809165996496,13.901515114103253
H800,3-trace,16.5452613722742,145.832,2412.828556441491,73.11601686186336,25.07490659534882,22.982906012919166
H800,Combined,14.902297551200933,145.27266666666665,2165.3930600787085,65.61797151753662,22.16284744368703,19.025904456543987
