gpu,rule,sample,query_start_seconds,power_w,gpu_utilization_percent
RTX3090,1-trace,1,5.009849091002252,166.64,40
RTX3090,1-trace,2,10.000123767007608,166.79,40
RTX3090,1-trace,3,15.005435772996861,166.77,38
RTX3090,1-trace,4,20.00296030001482,166.89,38
RTX3090,1-trace,5,25.010366796021117,167.08,38
RTX3090,2-trace,1,5.005237523990218,167.58,41
RTX3090,2-trace,2,10.005246440006886,167.84,41
RTX3090,2-trace,3,15.00706887000706,167.79,43
RTX3090,2-trace,4,20.00527185900137,168.24,44
RTX3090,2-trace,5,25.005257535987766,167.8,41
RTX3090,3-trace,1,5.00528732399107,168.46,43
RTX3090,3-trace,2,10.010249298007693,168.46,42
RTX3090,3-trace,3,15.003953958017519,168.38,44
RTX3090,3-trace,4,20.00522676599212,168.43,41
RTX3090,3-trace,5,25.000142075004987,168.61,45
A100,1-trace,1,5.00524085201323,64.98,70
A100,1-trace,2,10.005226498004049,65.39,69
A100,1-trace,3,15.000114707043394,65.01,69
A100,1-trace,4,20.002275062026456,64.08,69
A100,1-trace,5,25.004646658082493,64.77,70
A100,2-trace,1,5.004012295976281,64.78,72
A100,2-trace,2,10.000114493072033,67.14,72
A100,2-trace,3,15.004551043035462,64.0,69
A100,2-trace,4,20.005250475020148,63.73,69
A100,2-trace,5,25.005205231020227,63.77,70
A100,3-trace,1,5.009927029022947,66.56,75
A100,3-trace,2,10.005228964961134,64.1,75
A100,3-trace,3,15.000114124035463,64.68,75
A100,3-trace,4,20.00523762300145,63.72,75
A100,3-trace,5,25.005257886950858,64.89,74
A800,1-trace,1,5.000256601022556,82.62,74
A800,1-trace,2,10.008807440055534,82.12,75
A800,1-trace,3,15.002869360148907,81.52,75
A800,1-trace,4,20.008534495020285,82.12,75
A800,1-trace,5,25.008134125964716,82.62,74
A800,2-trace,1,5.00168030988425,81.52,75
A800,2-trace,2,10.00679866108112,80.59,74
A800,2-trace,3,15.00525198993273,81.11,75
A800,2-trace,4,20.00585714005865,82.95,75
A800,2-trace,5,25.000268219970167,83.22,75
A800,3-trace,1,5.005329004954547,83.55,79
A800,3-trace,2,10.000152741093189,83.22,80
A800,3-trace,3,15.007388504920527,82.36,81
A800,3-trace,4,20.007022379897535,83.22,80
A800,3-trace,5,25.002496629953384,83.55,80
H800,1-trace,1,5.006305873161182,144.64,73
H800,1-trace,2,10.006273147184402,144.67,73
H800,1-trace,3,15.005380077986047,144.93,72
H800,1-trace,4,20.000243657035753,144.93,74
H800,1-trace,5,25.004812716972083,145.09,72
H800,2-trace,1,5.003248502034694,145.04,75
H800,2-trace,2,10.008263301104307,145.2,72
H800,2-trace,3,15.003657726105303,145.1,74
H800,2-trace,4,20.00337292603217,145.18,74
H800,2-trace,5,25.000247456133366,145.15,72
H800,3-trace,1,5.007881884928793,145.68,75
H800,3-trace,2,10.006009708857164,145.8,75
H800,3-trace,3,15.000154534820467,145.91,76
H800,3-trace,4,20.001873028930277,145.88,76
H800,3-trace,5,25.000150735955685,145.89,76
