case,attempts,simulation_steps,genn_cpu_attempts,genn_cpu_simulation_steps,input_spikes,exc_spikes,inh_spikes,genn_cpu_input_spikes,genn_cpu_exc_spikes,genn_cpu_inh_spikes,nest_exc_spikes_per_step,genn_cpu_exc_spikes_per_step,ff_connections,ff_outdegree_min,ff_outdegree_max,ff_indegree_min,ff_indegree_max,ff_pre_visits,ff_post_visits,weight_min,weight_max,weight_mean,weight_change_rms,weight_change_max,column_sum_min,column_sum_max,attempts_above_wmax,attempts_above_102pct_wmax,maximum_weight_over_wmax
mnist_1trace_dense,102,102000,101,101000,239896,1500,3656,238754,1556,3739,0.014705882352941176,0.015405940594059406,313600,400,400,784,784,95958400,1176000,0.0,0.9991129040718079,0.09948769580287985,0.0013718027298995784,0.022832036018371582,77.66540237462323,78.00000022801396,0,0,0.9991129040718079
mnist_1trace_bernoulli_0500,100,100000,100,100000,237086,1368,3647,237444,1380,3610,0.01368,0.0138,156873,168,230,353,431,47490705,531734,0.0,2.0,0.09948731251231044,0.0032826817473455214,0.07299542427062988,77.22120544465724,78.00000034208642,0,0,1.0
mnist_1trace_bernoulli_0250,100,100000,100,100000,237086,1500,4048,237444,1471,4020,0.015,0.01471,77989,74,123,160,224,23697473,284015,0.0,3.8433778285980225,0.0994879679378551,0.00789698925832835,0.19236135482788086,77.42674634605646,78.00000054237898,0,0,0.9608444571495056
mnist_1trace_bernoulli_0125,100,100000,100,100000,237086,1675,4502,237444,1665,4508,0.01675,0.01665,39001,25,72,74,123,11908746,163177,0.0,6.300516128540039,0.09948833690530848,0.014672547011643257,0.19305682182312012,77.52060315851122,78.02184238436166,0,0,0.7875645160675049
mnist_1trace_fixed-fanout_0500,100,100000,100,100000,237086,1359,3627,237444,1380,3612,0.01359,0.0138,156800,200,200,356,426,47417200,529054,0.0,2.0,0.09948747807982541,0.003378327429701882,0.09081029891967773,77.27312619891018,78.0000005535585,0,0,1.0
mnist_1trace_fixed-fanout_0250,100,100000,100,100000,237086,1444,3958,237444,1473,4052,0.01444,0.01473,78400,100,100,164,232,23708600,274825,0.0,3.8324806690216064,0.09948787173955193,0.007504239341819144,0.13163304328918457,77.39658008562401,78.0000004824251,0,0,0.9581201672554016
mnist_1trace_fixed-fanout_0125,100,100000,100,100000,237086,1733,4824,237444,1737,4801,0.01733,0.01737,39200,50,50,73,121,11854300,159939,0.0,7.556949138641357,0.09948798008904607,0.018021270114995606,0.2720213234424591,77.49464651197195,78.00000075250864,0,0,0.9446186423301697
mnist_2trace_dense,104,104000,103,103000,243180,1360,3265,241671,1352,3285,0.013076923076923076,0.01312621359223301,313600,400,400,784,784,97272000,1066240,0.0,0.9930229783058167,0.09948678307320917,0.0011662684735689215,0.023782968521118164,77.57137909383164,78.00000195766916,0,0,0.9930229783058167
mnist_2trace_bernoulli_0500,101,101000,100,100000,238635,1258,3263,237444,1240,3295,0.012455445544554456,0.0124,156873,168,230,353,431,47801954,489689,0.0,2.0,0.09948811928637562,0.002708969937852147,0.06327664852142334,77.47423775191419,78.00000187620753,0,0,1.0
mnist_2trace_bernoulli_0250,100,100000,100,100000,237086,1358,3643,237444,1341,3687,0.01358,0.01341,77989,74,123,160,224,23697473,257943,0.0,3.6931092739105225,0.09948777882097541,0.006273877284451906,0.14238572120666504,77.36746409069747,78.00000196602196,0,0,0.9232773184776306
mnist_2trace_bernoulli_0125,100,100000,100,100000,237086,1568,4304,237444,1641,4462,0.01568,0.01641,39001,25,72,74,123,11908746,144642,0.0,6.865427494049072,0.09948823429297377,0.01540899066845675,0.29183244705200195,77.76600500257337,78.00165719725192,0,0,0.858178436756134
mnist_2trace_fixed-fanout_0500,101,101000,101,101000,238635,1271,3326,238731,1274,3335,0.012584158415841585,0.012613861386138615,156800,200,200,356,426,47727000,494836,0.0,2.0,0.09948809454022227,0.002688856575111355,0.06305509805679321,77.67935352574568,78.00000190894934,0,0,1.0
mnist_2trace_fixed-fanout_0250,100,100000,100,100000,237086,1363,3695,237444,1362,3666,0.01363,0.01362,78400,100,100,164,232,23708600,261342,0.0,3.7104949951171875,0.09948773897195835,0.006291222306499574,0.12066233158111572,77.35496607422829,78.00000211095903,0,0,0.9276237487792969
mnist_2trace_fixed-fanout_0125,100,100000,100,100000,237086,1576,4320,237444,1623,4400,0.01576,0.01623,39200,50,50,73,121,11854300,146136,0.0,6.7148661613464355,0.09948801723321435,0.01533679919726137,0.3045957088470459,77.71836374886334,78.00000222167,0,0,0.8393582701683044
mnist_3trace_dense,102,102000,102,102000,239896,1685,4193,240401,1719,4234,0.016519607843137257,0.016852941176470588,313600,400,400,784,784,95958400,1321040,0.0,0.7397364377975464,0.09949354739740553,0.005791421688610026,0.2598268389701843,77.98714704086888,78.5557152700203,0,0,0.7397364377975464
mnist_3trace_bernoulli_0500,100,100000,100,100000,237086,1649,4641,237444,1586,4294,0.01649,0.01586,156873,168,230,353,431,47490705,637135,0.0,1.4654892683029175,0.09952455178328652,0.022228355954926476,0.5677825654856861,77.99999774980824,88.89946192828938,0,0,0.7327446341514587
mnist_3trace_bernoulli_0250,100,100000,100,100000,237086,1869,5335,237444,1830,5203,0.01869,0.0183,77989,74,123,160,224,23697473,361199,0.0,3.2286157608032227,0.09950550040404935,0.04862245443105928,1.4028986692428589,77.98109433217905,82.97230981104076,0,0,0.8071539402008057
mnist_3trace_bernoulli_0125,100,100000,100,100000,237086,2376,6866,237444,2217,6346,0.02376,0.02217,39001,25,72,74,123,11908746,227317,0.0,6.297020435333252,0.09951101372629274,0.1350615395915371,2.7562340795993805,77.98108475655317,84.70374288596213,0,0,0.7871275544166565
mnist_3trace_fixed-fanout_0500,100,100000,100,100000,237086,1627,4561,237444,1645,4556,0.01627,0.01645,156800,200,200,356,426,47417200,628197,0.0,1.422325849533081,0.09950291786611293,0.021778197684698585,0.6288995714858174,77.9913528256584,81.7615043806145,0,0,0.7111629247665405
mnist_3trace_fixed-fanout_0250,100,100000,100,100000,237086,1849,5369,237444,1867,5338,0.01849,0.01867,78400,100,100,164,232,23708600,363450,0.0,3.1665124893188477,0.09951373806149878,0.052761489893695106,1.5501610040664673,77.99999737087637,85.50826481240802,0,0,0.7916281223297119
mnist_3trace_fixed-fanout_0125,100,100000,100,100000,237086,2262,6626,237444,2210,6383,0.02262,0.0221,39200,50,50,73,121,11854300,213901,0.0,6.222470760345459,0.09951163294064579,0.12493786214774562,2.738917738199234,77.98229035248909,84.88016602024436,0,0,0.7778088450431824
