case,nest_threads,networks,nest_median_us_per_step,nest_min_us_per_step,nest_max_us_per_step,nest_iqr_us_per_step,genn_cpu_1thread_us_per_step,nest_over_genn_cpu_time,a100_us_per_step,a800_us_per_step,h800_us_per_step,rtx3090_us_per_step
mnist_1trace_dense,16,1,79.30263262738556,78.97956589209464,79.59899970606499,0.209928695945635,13.678093534481647,5.7977840572202854,18.8481462942482,16.67986028398588,14.342919921082462,26.473034411787477
mnist_1trace_bernoulli_0500,16,1,59.15601003012853,58.66904027003329,59.2936633300269,0.14790246001211926,11.007404609990772,5.3742014694759295,16.717610009922875,15.807636267745332,12.624976870668407,25.600476287124394
mnist_1trace_bernoulli_0250,16,1,47.423906510230154,45.67041339003481,47.985715929826256,1.3757462202920578,10.304590399900917,4.60221170078591,15.29025353025645,14.621327489148825,11.424972659442574,24.710495239996817
mnist_1trace_bernoulli_0125,16,1,39.498076580057386,38.83484614023473,39.77971808984876,0.3689797504921444,9.878867210063618,3.9982394479217853,14.731115210452117,14.01603598962538,10.99060610984452,24.10852763990988
mnist_1trace_fixed-fanout_0500,16,1,59.8874485300621,57.88881722022779,60.402221670083236,0.4993015498621389,10.559261880116537,5.671556327514926,16.68151127989404,15.907744000433013,12.674331909511238,25.673219339951174
mnist_1trace_fixed-fanout_0250,16,1,47.93721883004764,47.728363490023185,48.11332956014667,0.18680463981581852,10.294821170100477,4.656440169089385,15.308135730447248,14.533116209786385,11.472933229524642,24.873391860019183
mnist_1trace_fixed-fanout_0125,16,1,39.96835416997783,39.639479239995126,40.30594580981415,0.226927780022379,10.05629171995679,3.9744624840844978,14.701734179980122,13.989942879416049,11.006982519757003,24.28373473987449
mnist_2trace_dense,16,1,99.33359751924469,97.68242197130279,99.48212253864487,0.3732365383677063,29.496283475840826,3.367664865324633,19.5975266018367,17.626875107294147,14.370450942135118,27.299772805898243
mnist_2trace_bernoulli_0500,16,1,59.339305792248226,57.491737791904164,61.7536647028594,0.7548760498832365,18.060566220083274,3.285572836928178,18.82886107869483,17.80177813648776,14.424216666478006,26.697965646984386
mnist_2trace_bernoulli_0250,16,1,45.79572021000786,45.25774362991797,45.97795422014315,0.2326075898599811,13.890221589826979,3.2969754955923856,16.504392650094815,15.75298581039533,12.819702280685306,25.430017710023094
mnist_2trace_bernoulli_0125,16,1,42.10667317005573,41.761101669981144,42.48991573986132,0.2003664302174002,11.899485739995725,3.538528814613366,15.311579289846122,14.538884569192305,11.85204537003301,25.081835529999807
mnist_2trace_fixed-fanout_0500,16,1,60.309766039671835,57.766636603887626,61.31474228689936,1.1457067030818493,19.091967752348577,3.1589078099219448,19.116818524509817,17.7510168811417,14.541358614368088,27.256522990133853
mnist_2trace_fixed-fanout_0250,16,1,45.941363380115945,45.56075057014823,46.43496350006899,0.5002864397829399,14.550616749911569,3.157348184598096,16.585914859897457,15.583799019223079,12.815591390244663,25.685879539960297
mnist_2trace_fixed-fanout_0125,16,1,42.0469635099289,40.04732002998935,42.529568249883596,2.184239349735435,12.050898839952424,3.489114303285853,15.278392999898642,14.465749689843506,11.812060220399871,25.11152947001392
mnist_3trace_dense,16,1,97.15157553899404,95.90074647042225,99.62131173518833,2.831999186252915,19.914372088262063,4.8784654172579796,21.77042707753395,20.212434096605453,16.83477297972309,32.67353135926843
mnist_3trace_bernoulli_0500,16,1,57.953061439911835,57.28915190004045,60.473593570059165,2.154594699968584,14.695616549870465,3.9435610777706813,20.807360713300987,19.662014345896644,16.146270227434094,32.142995237597574
mnist_3trace_bernoulli_0250,16,1,48.04181970015634,47.8391562399338,48.256867800082546,0.10424706008052453,11.567995960067492,4.152994163033581,18.933573870453984,17.94747365056537,14.588078300002962,31.06371443005628
mnist_3trace_bernoulli_0125,16,1,40.54861370008439,39.49233129998902,42.83967741008382,2.6019880798412487,10.525581770052668,3.852386935556674,18.017305129906163,17.148699599783868,13.765595769509673,30.325811319926288
mnist_3trace_fixed-fanout_0500,16,1,57.36371831008,57.05355092009995,57.680551990051754,0.40328875998966396,12.71353365998948,4.51202001302032,20.812041289755143,19.648351150099188,16.302231450099498,32.10940998993465
mnist_3trace_fixed-fanout_0250,16,1,48.04261549987132,47.84934939001687,48.48940343974391,0.30046440981095657,11.28508921014145,4.257176403771569,18.961425219895318,17.953078820137307,14.61553864995949,31.053563520108582
mnist_3trace_fixed-fanout_0125,16,1,42.1046573901549,41.77841652999632,42.77433208015282,0.35438571008853614,10.88250530010555,3.8690224565979787,17.989778260234743,17.178784019779414,13.751964229159057,30.405205160059268
