group,device,hardware_samples,gpu_repetitions,mean_us,mean_sample_speedup,ratio_of_mean_durations
1-trace,ActiveN,1200,,2.585805,1,1
1-trace,RTX 3090,1200,5,26.636676815699094,10.634796390582817,10.301115828803445
1-trace,A100,1200,5,18.886834313732333,7.540641754185908,7.30404431646328
1-trace,A800,1200,5,16.756857350450375,6.6902402015498454,6.480325218046362
1-trace,H800,1200,5,14.389953189803398,5.745244547675022,5.564980031287509
2-trace,ActiveN,1200,,4.579499166666667,1,1
2-trace,RTX 3090,1200,5,27.15644237279634,7.434342915874282,5.930002689041434
2-trace,A100,1200,5,19.437539106736736,5.321217307350767,4.244468313963022
2-trace,A800,1200,5,17.544936574995518,4.8030987691688,3.831191127340275
2-trace,H800,1200,5,14.685694875819518,4.020353261519571,3.206834271903354
3-trace,ActiveN,1200,,3.181321666666667,1,1
3-trace,RTX 3090,1200,5,32.63640561744624,11.192552023334144,10.258756905786926
3-trace,A100,1200,5,21.906721885361286,7.512840943230218,6.886044286214781
3-trace,A800,1200,5,20.170608298509443,6.9174462828308165,6.340323429049491
3-trace,H800,1200,5,16.91062360373552,5.799444848505424,5.31559690455765
Combined,ActiveN,3600,,3.4488752777777782,1,1
Combined,RTX 3090,3600,15,28.80984160198056,9.753897109930415,8.353401988065997
Combined,A100,3600,15,20.077031768610116,6.791566668255632,5.8213272883403295
Combined,A800,3600,15,18.157467407985113,6.136928417849821,5.264750373833337
Combined,H800,3600,15,15.328757223119478,5.188347552566673,4.444566993155024
