case,replicas,aggregate_us_per_step,aggregate_min,aggregate_max,aggregate_iqr,replica_us_per_step,average_package_watts,package_microjoules_per_step,rtx3090_single_network_us_per_step,a100_single_network_us_per_step
brunel_additive,32,45.62889694379919,43.83191558126782,46.64357494057185,1.506791115662054,1242.1415921999142,,,40.83064609876601,45.23431299603544
brunel_morrison,32,86.83692711256299,83.17639669376149,90.9228691343742,1.8441617562530155,2257.97126370162,,,41.246860499086324,53.687330696266145
mnist_1trace_bernoulli_0125,32,1.1340824365561275,1.1181623065658641,1.1796136556222336,0.019523069695424056,28.19539069503662,,,24.10852763990988,14.731115210452117
mnist_1trace_bernoulli_0250,32,1.3111135465624102,1.1530827959359158,1.394995804375867,0.08023348280403297,31.80750256011379,,,24.710495239996817,15.29025353025645
mnist_1trace_bernoulli_0500,32,1.582597519063711,1.5045805837507942,1.605023196880211,0.0435841409398563,36.8149000799167,,,25.600476287124394,16.717610009922875
mnist_1trace_dense,32,1.9632850182623058,1.7351097555664377,2.120369241337997,0.07492925990368571,47.8054725099355,,,26.473034411787477,18.8481462942482
mnist_1trace_fixed-fanout_0125,32,1.0547657359438745,1.030919189688575,1.0848894878108695,0.04751222312734171,27.524377289955737,,,24.28373473987449,14.701734179980122
mnist_1trace_fixed-fanout_0250,32,1.0650158578118862,1.0557673431230796,1.10940979156112,0.015153599069890333,27.223155695101013,,,24.873391860019183,15.308135730447248
mnist_1trace_fixed-fanout_0500,32,1.2387117237540224,1.1686623665627849,1.2806397525037028,0.03541291499459476,31.585531999880914,,,25.673219339951174,16.68151127989404
mnist_2trace_bernoulli_0125,32,1.6067340793779294,1.4542014425023808,1.656232659061061,0.08967609312094282,37.30736633006018,,,25.081835529999807,15.311579289846122
mnist_2trace_bernoulli_0250,32,1.7381060193747544,1.6679460018804093,1.8498926284337358,0.11596252656090655,42.63461569993524,,,25.430017710023094,16.504392650094815
mnist_2trace_bernoulli_0500,32,2.082272588431806,1.8048708081278164,2.711668188121621,0.6345741962559259,51.85127468997962,,,26.697965646984386,18.82886107869483
mnist_2trace_dense,32,2.9424554620772962,2.8635100382337098,3.4641327424165884,0.06811808828926802,75.4561472426449,,,27.299772805898243,19.5975266018367
mnist_2trace_fixed-fanout_0125,32,1.2313451750014792,1.2167518203114014,1.3071433981167502,0.033928523125723586,32.87157369006309,,,25.11152947001392,15.278392999898642
mnist_2trace_fixed-fanout_0250,32,1.5086017090652604,1.4197914278156532,1.5472936328114884,0.051498791872290894,37.65907190507278,,,25.685879539960297,16.585914859897457
mnist_2trace_fixed-fanout_0500,32,1.9809945717839799,1.820915858915403,2.551014258975862,0.11527079269480156,49.92632681675633,,,27.256522990133853,19.116818524509817
mnist_3trace_bernoulli_0125,32,1.125416488130213,1.0868201543780742,1.1324096343741985,0.007304671253223205,28.59815328498371,,,30.325811319926288,18.017305129906163
mnist_3trace_bernoulli_0250,32,1.2502128671803803,1.2283075174946134,1.3594224306234537,0.055970884995986125,32.42986343509983,,,31.06371443005628,18.933573870453984
mnist_3trace_bernoulli_0500,32,1.5691870312457468,1.4649211125015427,1.6451238300032855,0.03478720000202884,39.99534489994403,,,32.142995237597574,20.807360713300987
mnist_3trace_dense,32,2.0760520569816507,1.954849728864407,2.2430890729118995,0.11557784406321314,55.317326039264174,,,32.67353135926843,21.77042707753395
mnist_3trace_fixed-fanout_0125,32,1.133748654374358,1.0850900962486776,1.197100253748431,0.08558757686842,28.243858185014687,,,30.405205160059268,17.989778260234743
mnist_3trace_fixed-fanout_0250,32,1.2013452478095132,1.171316812187797,1.2943826621904009,0.05248321467661299,30.894934265088523,,,31.053563520108582,18.961425219895318
mnist_3trace_fixed-fanout_0500,32,1.4154643328129168,1.3312145131203579,1.5215648234334367,0.04364647531474475,37.232527710002614,,,32.10940998993465,20.812041289755143
